ID,CourseName
1,Álgebra Moderna I
2,Álgebra Moderna II
3,Álgebra Moderna III
4,Álgebra Moderna IV
5,Álgebra Lineal I
6,Álgebra Lineal II
7,Álgebra Superior I
8,Álgebra Superior II
9,Análisis Matemático I
10,Análisis Matemático II
11,Análisis Matemático III
12,Análisis Matemático IV
14,Álgebra Geométrica
16,Anatomía Animal Comparada
17,Aplicaciones a las Matemáticas Financieras I
18,Aplicaciones a las Matemáticas Financieras II
25,Series de Tiempo
26,Análisis de Fourier I
27,Análisis de Fourier II
29,Alemán
35,Aplicación del Procesamiento Digital de Imágenes de la Biología
36,Análisis Numérico I
37,Análisis Numérico II
38,Anatomía Vegetal
40,Biofísica
43,Botánica III
44,Botánica IV
45,Biología de Campo I
46,Biología de Campo II
49,Biología Celular
50,Biología General I
51,Biología General II
52,Biología Molecular
53,Requerimiento Traducción de Idioma
56,Bacteriología General
57,Biogeografia
58,Biología y Técnicas de Animales de Laboratorio
59,Seminario de Ciencias Computacionales
60,Seminario de Computación Teórica
61,Seminario de Inteligencia Artificial
62,Seminario de Programación
63,Seminario de Aplicaciones a las Ciencias Sociales y Administrativas
65,Conducta Animal
66,Fotografía y Microfotografía
67,Hidrobiología
68,Malacología
69,Origen de la Vida
70,Microscopia Electrónica
76,Arquitectura de Máquinas
77,Análisis de Redes
78,Análisis de Regresión
79,Biología y Técnicas de Animales de Laboratorio
80,Cálculo Actuarial I
81,Cálculo Actuarial II
82,Cálculo Actuarial III
83,Cálculo de las Variaciones
85,Cálculo Tensorial
86,Circuitos Digitales con Laboratorio
87,Climatología
88,Conjuntos Convexos
90,Contabilidad de Seguros
91,Cálculo Diferencial e Integral I
92,Cálculo Diferencial e Integral II
93,Cálculo Diferencial e Integral III
94,Cálculo Diferencial e Integral IV
97,Cartografía
99,Cactología
100,Álgebra
101,Análisis Socioambiental y Gestión de Recursos Naturales
102,Computación
103,Crustáceos
104,Física Contemporánea
105,Dinámica de Comunidades
109,Introducción a la Parsitología Molecular
110,Ecología de Comunidades Litorales
111,Conducta Animal
114,Cálculo Actuarial de Modelos Dinámicos
115,Ecología de la Conducta
118,Computación I
119,Computación II
120,Demografía I
124,Didáctica de las Matemáticas
125,Demografía II
128,Ecología de Parásitos
129,Ingeniería de Tejidos
132,Modelación Matemática en Recursos Naturales
133,Recursos Pesqueros Litorales de México
134,Reproducción de Peces y Crustáceos Marinos
135,Inmunoparasitología
136,Introducción a la Acarología
137,Introducción a la Etnomicología
138,La Biología del Desarrollo en la Era Genómica
139,Mecanismos Bioquímicos y Moleculares del Daño Celular
140,Recursos Forestales de México y su Manejo Sustentable
141,Toxicología Molecular
143,Bases de Datos
144,Introducción a la Biofísica y Física Médica
145,Biofísica General
146,Física y Medicina
151,Métodos Físicos para el Estudio de Sistemas Biológicos
152,Métodos Físicos Para El Diagnóstico Y Tratamiento En Medicina
153,Temas Selectos de Biofísica y Física Médica I
154,Temas Selectos de Biofísica y Física Médica II
155,Introducción al Estado Sólido
156,Estado Sólido I
157,Estado Sólido II
158,Temas Selectos de Estado Sólido I
159,Temas Selectos de Estado Sólido II
162,Ecuaciones Diferenciales I
163,Ecuaciones Diferenciales II
164,Ecuaciones Diferenciales III
165,Ecuaciones Diferenciales Parciales I
168,Electrónica I
169,Embriología Animal
170,Estadística Descriptiva
177,Electrónica II
178,Temas Selectos de Estado Sólido III
180,Edafología
182,Arboricultura Urbana
183,Ecuaciones Diferenciales Parciales II
187,Biofísica
188,Cronobiología
189,Ecología de la Polinización
190,El Cultivo de Tejidos Vegetales como Herramienta Biotecnologíca
191,Etnozoología
192,Eventos Principales en la Evolución de la vida Fanerozoica
193,Etnofarmacología
194,Hidroacústica Aplicada al Estudio del Ecosistema Pelágico
195,Histología Animal
196,Ictiología
197,Introducción a la Ecología Marina
198,Introducción a la Oceanografía
199,Introducción al Estudio de los Recursos Pesqueros del Pacífico Mexicano
200,Fisiología Animal
201,Física Clásica I -Mecánica-
202,Física Clásica II -Ondas Fluidos y Calor-
203,Física Clásica III -Óptica-
204,Física Clásica IV -Electricidad-
205,Física General
206,Física Moderna I
207,Física Moderna II
208,Física Moderna III
209,Física Teórica I -Mecánica-
210,Física Teórica II -Termodinámica-
211,Física Teórica III -Electromagnetismo-
212,Física Teórica IV
213,Físico Química
216,Fisiología Vegetal
217,Funciones Especiales y Transformadas Integrales
221,Fotografía y Microfotografia
223,Francés
224,Introducción a Ciencias de la Computación I
225,Paleobiología de Dinosaurios
226,Parasitología General
227,Laboratorio de Mecánica
228,Mecánica Vectorial
229,Protozoología
230,Restauración Ecológica
231,Técnicas de Radioisotopos
232,Anfibios y Reptiles
233,Entomología
234,Introducción a la Citogenética Humana
235,Manejo de Vertebrados Terrestres
236,Mastozoología
238,Ficología
240,Genética
242,Geometría Algebraica I
243,Geometría Algebraica II
244,Geometría Analítica I
245,Geometría Analítica II
246,Geometría Diferencial I
247,Geometría Diferencial II
248,Geometría Diferencial III
249,Geometría Moderna I
250,Geometría Moderna II
251,Geometría Proyectiva
252,Geometría Riemanniana I
253,Geometría Riemanniana II
257,Reproducción Sexual y Asexual de Plantas
258,Física de Plasmas I
259,Geometría Computacional
260,Introducción a la Tecnología del Vacío y Aplicaciones
261,Técnicas de Crecimiento de Películas Delgadas y Recubrimientos en Vacío
262,Temas Selectos de Tecnologías de Vacío I
263,Temas Selectos de Tecnologías de Vacío II
264,Seminario de Temas Selectos de Computación Distribuida
265,Asignatura Optativa Cursada Fuera de Plan 1
266,Asignatura Optativa Cursada Fuera de Plan 2
267,Asignatura Optativa Cursada Fuera de Plan 3
268,Asignatura Optativa Cursada Fuera de Plan 4
269,Complejidad Computacional
270,Seminario de Computación Teórica II
271,Conjuntos y Lógica
272,Introducción a la Geometría Avanzada
273,Sistemas Dinámicos Discretos I
274,Sistemas Dinámicos Discretos II
275,Biología Matemática I
276,Biología Matemática II
277,Teoría de las Gráficas II
280,Histología Animal
282,Historia de la Física I
285,Seminario de Temas Selectos de Computación II
286,Historia de las Matemáticas I
287,Historia de las Matemáticas II
288,Principios de Computación Distribuida
291,México: Nación Multicultural
292,Introducción a la Física Atómica y Molecular
293,Temas Selectos de Física Atómica y Molecular I
294,Temas Selectos de Física Atómica y Molecular II
295,Introducción a los Sistemas Químicos y Biológicos
297,Historia de la Física II
300,Materia Condensada Suave
302,Fenómenos Colectivos
303,Laboratorio de Fenómenos Colectivos
304,Adquisición y Procesamiento de Señales
305,Circuitos Digitales con Laboratorio
306,Instrumentación Científica
307,Máquinas Digitales con Laboratorio
308,Robótica y Control
309,Señales y Circuitos Eléctricos
310,Temas Selectos de Electrónica e Instrumentación I
311,Temas Selectos de Electrónica e Instrumentación II
313,Aplicaciones de Taller
314,Fotografía Digital
315,Introducción a la Fotografía
316,Taller
317,Temas Selectos de Fotografía
318,Análisis y Manejo de Cuencas
319,Circulación Oceánica y Clima
322,Temas Selectos del Núcleo Celular I
323,Introducción a la Contabilidad
326,Temas Selectos del Núcleo Celular II
327,Introducción a la Geofísica
328,Introducción al Seguro de Daños
329,Introducción al Seguro de Vida
333,Instrumentos y Programas de Cálculo I
335,Temas Selectos del Núcleo Celular III
337,Introducción a la Oceanografía
339,Introducción a Ciencias de la Computación II
340,Probabilidad y Estadística
343,Práctica Profesional Supervisada
345,Ictiología
348,Introducción a la Física Atmósfera
351,Introducción a las Funciones Recursivas y Computabilidad
354,Inglés
355,Introducción al Estado Solido
356,Introducción Matemática a la Mecánica Celeste
358,Inmunología
362,Introducción a la Investigación de Operaciones
363,Italiano
367,Introducción Física de Materiales
369,Contabilidad de Seguros
370,Acuacultura
371,Antropología Ecológica
372,Áreas Naturales Protegidas
373,Bioeconomía
374,Bioquímica de la Nutrición
375,Biotecnología Acuícola
376,Cambio Climático Global
377,Comercio de la Biodiversidad
378,Ecoturismo
379,Ecotoxicología
380,Energías Renovables
381,Especies Marinas Ornamentales
383,Ingeniería Ambiental y Costera
384,Maricultura
385,Manejo Sostenible de los Sistemas de Producción Acuática
386,Medio Ambiente y Materiales en la Zona Costera
387,Métodos de Estudio de la Fauna Silvestre y su Conservación
388,Métodos Numéricos
389,Modelación de la Zona Costera
390,Nutrición Acuícola
391,Ordenamiento Territorial de la Zona Costera
392,Percepción Remota
393,Planeación y Desarrollo de Proyectos
394,Procesos Biogeoquímicos: El Ambiente Costero
396,Sistemas de Información Geográfica
398,Estadística I
399,Estadística II
401,Manejo de Anfibios y Reptiles en Cautiverio
402,Ecología General I
403,Ecología General II
406,Estructura de Datos
407,Economía Matemática I
408,Economía Matemática II
409,Econometría
411,Estadística Bayesiana
414,Análisis de Algoritmos I
415,Análisis Lógico
416,Matemáticas Discretas
417,Ecología Marina
419,Electromagnetismo I
420,Laboratorio de Electromagnetismo
421,Filosofía y Ética de la Ciencia
422,Graficas y Juegos
423,Astrofísica Relativista
424,Seminario de Aplicaciones de Cómputo II
425,Seminario de Inteligencia Artificial II
426,Seminario de Programación II
427,Seminario de Sistemas para Cómputo A
428,Seminario de Sistemas para Cómputo B
429,Temas Selectos de Ingeniería de Software A
430,Temas Selectos de Ingeniería de Software B
431,Hidrogeología
432,Hidrometeorología
435,Limnología
436,Oceanografía Costera
437,Paleo-Oceanografía
438,Planeación del Territorio
439,Temas Selectos de Ciencias Acuáticas I
440,Laboratorio I
441,Laboratorio II
442,Teoría de Redes
443,Temas Selectos de Ciencias Acuáticas II
444,Legislacion de Seguros
445,Lógica Matemática I
446,Lógica Matemática II
447,Lógica Matemática III
452,Bioquímica Ambiental
453,Lenguajes de Programación I
455,Seminario de Aplicaciones Actuariales
457,Ecofisiología Animal
458,Economía y Medio Ambiente
459,Educación Ambiental
460,Evaluación de Riesgo Ecológico
461,Genética de la Conservación
462,Gestión y Conservación de Espacios Naturales
463,Impacto Ambiental
464,Microbiología Ambiental
465,Recursos Naturales II
466,Restauración de Espacios Degradados
467,Restauración del Suelo
468,Técnicas Biológicas de Decontaminación
469,Temas Selectos de Ciencias Ambientales I
470,Temas Selectos de Ciencias Ambientales II
471,Aerosoles Atmosféricos
472,Cambio Climático 
473,Contaminación del Aire
474,Física de Nubes
475,Introducción al Análisis Meteorológico
476,Meteorología Sinóptica y de Mesoescala
477,Meteorología Tropical
479,Bioética
481,Máquinas Digitales con Laboratorio
482,Matemáticas Financieras I
483,Matemáticas Financieras II
491,Biofotónica
496,Biomateriales
502,Acústica
503,Introducción a la Física de Particulas Elementales
504,Temas Selectos de Altas Energias
505,Astronomía General
506,Astrofísica Estelar
507,Materia Interestelar
508,Astronomía Galactica
509,Astronomía Extragalactica
510,Sistema Solar
511,Temas Selectos de Astrofísica
512,Biofísica General
514,Biofísica Molecular
515,Física y Medicina
516,Temas Selectos de Biofísica
517,Física de Nubes
519,Percepción Remota
520,Temas Selectos de Física de la Atmósfera
522,Programación y Simulación de Problemas Físicos
524,Seminario de Cibernética con Laboratorio
525,Análisis de Proyectos Relevantes de Enseñanza de la Física
526,Procesos Cognoscitivos y Construcción del Conocimiento Científico
527,Seminario de Investigación Educativa
528,Temas Selectos de Electromagnetismo
529,Fundamentos Físicos de la Electrónica
530,Temas Selectos Instrumentación ELEC
531,Temas Selectos de la Energética
532,Estado Solido
533,Temas Selectos de Estado Solido
534,Filosofía de la Física I
535,Filosofía de la Física II
536,Física Atómica y Molecular
537,Introducción a la Física Nuclear
538,Temas Selectos de Física Nuclear
539,Introducción a la Física de Radiaciones
540,Dosimetría de la Radiación
541,Seguridad Radiológica
542,Temas Selectos Física de Radiaciones
543,Mecánica Cuántica Relativista
544,Simetrías en Física
545,Dinámica no Lineal
546,Oscilaciones no Lineales
547,Seminario de Física Teórica
548,Seminario de Física Matemática
549,Física del Interior de la Tierra
550,Introducción a la Sismología
551,Física Espacial
552,Elementos de Óptica Geométrica
553,Introducción Óptica Fourier
554,Laseres y Optoelectrónica
555,Temas Selectos de Óptica
556,Quimica General
557,Físico Química
559,Seminario de Físico Química
565,Organización y Programación Administrativa I
566,Organización y Programación Administrativa II
567,Taller
568,Aplicaciones de Taller
569,Fotografia Científica
570,Introducción a la Técnica del Vacío
571,Física Estadística
572,Mecánica de Fluidos
573,Temas Selectos de Termodinámica y Física Estadística
574,Diseño de Sistemas Digitales
575,Ingeniería de Software
576,Teoría de la Computación
579,Origen de la Vida
580,Sueco
581,Portugués
582,Introducción a la Física Cuántica
583,Laboratorio de Óptica
584,Óptica
585,Micrometeorología
586,Modelación Climática
587,Radiación Solar y Terrestre
588,Simulación y Pronósticos Climáticos
589,Temas Selectos de Ciencias Atmosféricas I
590,Temas Selectos de Ciencias Atmosféricas II
595,Física de Plasmas
597,Geoquímica Orgánica 
600,Paleontología
601,Pensiones
604,Parasitologia General
605,Arquitectura de Computadoras
606,Sistemas de Bases de Datos
607,Lenguajes de Programación y sus Paradigmas
608,Inteligencia Artificial
609,Electromagnetismo II
610,Matemáticas Avanzadas de la Física
611,Mecánica Analítica
612,Termodinámica
618,Temas Selectos de Ciencias Espaciales I
619,Temas Selectos de Ciencias Espaciales II
621,Programación Lineal
622,Física de Procesos Volcánicos
623,Geología de México
624,Geomecánica
625,Probabilidad I
626,Probabilidad II
628,Hidrogeoquímica
629,Programación de Sistemas
630,Procesos Estocásticos I
631,Procesos Estocásticos II
633,Programación Entera
634,Programación no Lineal
636,Sismología I
637,Sismología II
638,Suelos
639,Temas Selectos de Ciencias de la Tierra Sólida I
645,Temas Selectos de Ciencias de la Tierra Sólida II
646,Teoría del Flujo Subterráneo
647,Vulcanología
648,Evaluación del Riesgo Geológico
652,Dinámica de Biofluidos
654,Administración de Empresas de Software
655,Administración de Sistemas Unix/Linux
656,Algoritmos de Apareamiento de Cadenas
657,Algoritmos Paralelos
658,Almacenes y Minería de Datos
659,Animación por Computadora
662,Computación Cuántica I
663,Computación Cuántica II
664,Cómputo Evolutivo
665,Diseño de Interfaces de Usuario
666,Diseño y Programación de Videojuegos
667,Genómica Computacional
668,Ingeniería de Software II
669,Introducción a la Criptografía
671,Lógica Computacional II
672,Métodos Formales
673,Métricas de Software
674,Patrones de Diseño de Software
675,Programación de Dispositivos Móviles
676,Programación Declarativa
677,Protocolos de Enrutamiento
679,Razonamiento Automatizado
681,Relatividad
683,Recursos Naturales
686,Ruso
688,Seminario de Biología B
689,Seminario de Biología C
690,Seminario de Biología de P.74
691,Seminario de Biología E
705,Seminario de Álgebra B
706,Seminario de Análisis Matemático B
707,Seminario de Computación B
708,Seminario de Estadística B
709,Seminario de Geometría B
710,Seminario de Probalidad B
712,Seminario de Topología B
713,Sistemas Operativos
714,Redes de Computadoras
715,Física Computacional
716,Laboratorio de Electrónica
717,Mecánica Cuántica
718,Relatividad
719,Epigenética
720,Seguro de Personas
724,Simulación y Control
729,Fisiopatología de la Hiperexcitabilidad Neuronal
730,Genómica Viral
731,Electrofisiología
732,Filosofía de la Ciencia
734,Biosensores
735,Seminario Matemáticas Aplicadas I
736,Seminario Matemáticas Aplicadas II
737,Seminario de Cálculo de Formas Diferenciales
739,Física del Radiodiagnóstico
740,Física de la Medicina Nuclear
741,Física de la Radioterapia
742,Seminario de Álgebra A
743,Seminario de Análisis Matemático A
744,Seminario de Computación A
745,Seminario de Geometría A
746,Física de la Resonancia Magnética
747,Seminario de Sistemas A
748,Seminario de Estadística A
749,Seminario de Probabilidad A
750,Seminario Filosofía de las Matemáticas
751,Seminario sobre Enseñanza de las Matemáticas I
754,Seminario sobre Enseñanza de las Matemáticas II
755,Introducción a las Matemáticas Discretas
756,Taller de Herramientas Computacionales
757,Ciencia Básica
758,Taller de Modelación I
759,Teoría de Gráficas
760,Teoría de los Conjuntos I
764,Teoría de los Números I
765,Topología I
766,Topología II
767,Topología III
768,Técnicas de Radioisotopos
771,Realidad Virtual
772,Reconocimiento de Patrones
773,Reconocimiento de Patrones y Aprendizaje Automatizado
774,Recuperación y Búsqueda de Información en Textos
777,Teoría de los Números II
779,Teoría de los Conjuntos II
780,Chino
781,Redes Neuronales
782,Riesgo Tecnológico
783,Seminario de Ciencias de la Computación A
784,Seminario de Ciencias de la Computación B
785,Sistemas de Información Geográfica
786,Sistemas Dinámicos Computacionales I
790,Tecnologías para Desarrollos en Internet
791,Teoría de Códigos
794,Visión Por Computadora
795,Seminario de Biología I
796,Seminario de Biología II
797,Seminario de Biología III
798,Seminario de Biología IV
799,Temas Selectos de Biología I
800,Redes Neuronales y Autómatas Celulares
801,Análisis de Algoritmos II
803,Graficación por Computadoras
804,Herramientas de Computación para las Ciencias
805,Proceso Digital de Imagenes
806,Procesos Paralelos y Distribuidos
807,Simulación
808,Supercómputo
809,Visualización
810,Seminario de Temas Selectos de Computación
811,Lógicas no Clásicas
813,Programación Funcional y Lógica
814,Semántica y Verificación
815,Teoría de Códigos
816,Algoritmos Genéticos
817,Compiladores
819,Lingüística Computacional
820,Robótica
821,Sistemas Expertos
822,Diseño de interfaces
823,Diseño y Programación Orientada a Objetos
824,Grandes Bases de Datos
825,Seminario de Aplicaciones de Cómputo
826,Sistemas Manejadores de Bases de Datos
827,Dinámica de Medios Deformables
828,Física Atómica y Materia Condensada
829,Física Estadística
830,Laboratorio de Física Contemporánea I
831,Temas Selectos de Biología II
832,Temas Selectos de Biología III
834,Temas Selectos de Biología IV
835,Química Ambiental de Suelos
836,Química Analítica Instrumental
837,Química de la Atmósfera
838,Álgebra Matricial Numérica
840,Variable Compleja I
841,Variable Compleja II
842,Variable Compleja III
843,Virologia
845,Radiobiología
846,Reconstrucción de Imágenes Biomédicas
847,Las Relaciones Interpersonales en el Ambiente Hospitalario
848,Temas Selectos en Biofísica
849,Temas Selectos en Biomatemáticas
850,Temas Selectos en Cómputo de Alto Desempeño
851,Temas Selectos en Física Biológica
852,Temas Selectos en Instrumentación Biomédica
853,Temas Selectos en Física de la Terapia Médica
854,Temas Selectos en Física del Diagnóstico Médico
856,Teoría Celular
858,Demografía Avanzada
859,Introducción a la Administración
861,Modelos Lineales
863,Temas Selectos de Economía
864,Temas Selectos de Investigación de Operaciones
865,Productos Financieros Derivados
866,Seminario de Aplicaciones Actuariales I
867,Seminario de Aplicaciones Actuariales II
868,Seminario de Estadística I
869,Seminario de Estadística II
870,Seminario de Finanzas I
872,Seminario de Investigación de Operaciones
873,Simulación Estocástica
876,Historia y Filosofía del Pensamiento Científico
880,Análisis Funcional Aplicado
882,Seminario de Análisis Numérico
889,Matemáticas Finitas
891,Muestreo
892,Mineralogía Óptica de Minerales Translúcidos
897,Seminario de Estadística
898,Taller de Modelación II
899,Taller de Redacción
900,Física Nuclear y Subnuclear
901,Laboratorio de Física Contemporánea II
903,Robótica Móvil
909,Ciencia Desarrollo y Sociedad
913,Fotografía Científica I
914,Fotografía Científica II
916,Mecánica Celeste
917,Origen y Evolución de los Sistemas Planetarios
918,Aplicación de las Ciencias de la Tierra en la Vigilancia de Ensayos Nucleares
919,Análisis Matemático Aplicado
920,Sistemas Dinámicos no Lineales
921,Formación Científica I
922,Proyecto I
923,Formación Científica II
924,Proyecto II
926,Optimización Numérica
929,Teoría de las Decisiones
930,Solución Numérica de Ecuaciones Diferenciales Ordinarias
931,Solución Numérica de Ecuaciones Diferenciales Parciales
937,Topología Diferencial I
938,Técnicas de Laboratorio
939,Topología Diferencial II
941,Teoría de los Conjuntos III
946,Teoría de Juegos I
947,Teoría de la Medida I
948,Teoría de la Medida II
950,Teoría de Juegos II
951,Seminario de Ciencia y Sociedad I
952,Seminario de Óptica
954,Seminario de Ciencia y Sociedad II
955,Seminario de Apoyo a la Titulación en Actuaría A
956,Seminario de Apoyo a la Titulación en Actuaría B
957,Seminario de Apoyo a la Titulación en Ciencias de la Computación A
958,Seminario de Apoyo a la Titulación en Ciencias de la Computación B
959,Seminario de Apoyo a la Titulación en Matemáticas A
962,Zoología III
963,Zoología IV
964,Seminario de Apoyo a la Titulación en Matemáticas B
966,Temas Selectos de Aprovechamiento Costero-Marino
967,Temas Selectos de Biología y Ecología Costero-Marinas
968,Temas Selectos de Estrategias de Manejo Costero-Marino
970,Temas Selectos de Herramientas Cuantitativas
972,Temas Selectos de Sociedad y Cultura Costeras
975,Seminario de Análisis Combinatorio
977,Seminario de Topología A
979,Seminario de Astrofísica
982,Seminario de Filosofía de la Ciencia I
983,Seminario de Filosofía de la Ciencia II
984,Seminario Sobre Enseñanza Matemáticas III
985,Sociología
986,Seminario de Biología A
987,Seminario de Filosofía de la Ciencia III
988,Seminario sobre Enseñanza de las Matemáticas IV
990,Seminario de Filosofía de la Ciencia IV
991,Seminario de Investigación de Operaciones
1000,Acuacultura
1001,Administración de Recursos Naturales
1002,Anatomía Animal
1003,Anatomía Vegetal
1004,Artrópodos
1005,Biodiversidad
1006,Biogeografia II
1007,Biología Molecular
1008,Biología Celular
1009,Biología Célular (Núcleo Celular)
1011,Temas Selectos de Bioquímica
1012,Biotecnología II
1013,Briofitas y Pteridofitas
1014,Carcinogenésis
1016,Climatologia
1017,Contaminación Ambiental
1018,Deuterostomados
1019,Didáctica de la Biología
1020,Ecofisiología Animal
1021,Ecología de Poblaciones
1022,Ecología II
1023,Edafología
1024,Embriología Animal
1025,Embriología Vegetal
1026,Etnobotánica
1027,Evolución II
1028,Ficologia
1029,Fisiología Animal
1030,Fisiología Microbiana
1031,Fisiología Vegetal
1032,Fotogrametría y Fotointerpretación
1033,Genética de Poblaciones
1034,Genética II
1035,Geologia
1036,Geomorfologia
1037,Inmunología
1038,Introducción a la Investigación Educativa
1039,Metazoarios
1040,Métodos de Enseñanza
1041,Microbiología
1042,Naturaleza y Sociedad
1043,Neurobiología
1044,Sistemática II
1045,Virologia
1046,Reaseguro Financiero
1047,La Sustentabilidad del Desarrollo
1048,Introducción a los Sistemas Complejos
1049,Ciencia
1050,Administración Financiera
1051,Control Estadístico de la Calidad
1053,Fianzas
1054,Mercadotecnia de Seguros
1055,Auditoría Actuarial
1056,Teoría de Juegos en Economía
1057,Administración de Riesgos Financieros
1063,Econometría II
1064,Temas Selectos de Economía I
1066,Productos Financieros Derivados II
1067,Valuación de Opciones
1089,Temas Selectos de Análisis Numérico
1090,El Zoológico como Centro de Conservación
1091,Polémicas Contemporáneas de la Evolución
1092,Ornitología
1093,Adaptación de los Mamíferos a la Vida Acuática
1094,Física de Plasmas II
1095,Física de los Plasmas de Baja Temperatura
1096,Fusión Nuclear Controlada
1097,Temas Selectos de Física de Plasmas I
1099,Astrofísica General
1100,Biología de Procariontes
1101,Filosofía e Historia de la Biología
1102,Física
1103,Matemáticas I
1104,Química
1108,Matemáticas Financieras
1109,Problemas Socio-Económicos de México
1110,Ecología y Evolución
1111,Filosofía y Ética de la Ciencia
1112,Geología Ambiental Costera
1113,Introducción al Estudio de los Sistemas Costeros
1114,Matemáticas I
1115,Biología General
1116,Geología General
1117,Introducción a las Ciencias de la Tierra
1118,Matemáticas para las Ciencias de la Tierra I
1119,Química General
1122,Contabilidad
1123,Estructuras Discretas
1124,Inglés I
1125,Introducción a Ciencias de la Computación
1126,Matemáticas para las Ciencias Aplicadas I
1130,Álgebra
1131,Cálculo Diferencial e Integral I
1132,Inglés
1133,Introducción a la Física del Cuerpo Humano
1134,Metodología de la Física Experimental
1135,Inglés I
1200,Biología de Protistas y Algas
1201,Biología Molecular de la Célula I
1202,Matemáticas II
1203,Química Orgánica
1204,Sistemática I
1208,Contabilidad
1209,Programación I
1210,Ecofisiología
1211,Impacto Ambiental
1212,Matemáticas II
1213,Metodología de la Investigación
1214,Química y Física del Agua
1215,Biodiversidad
1216,Matemáticas para las Ciencias de la Tierra II
1218,Química Orgánica
1219,Sedimentología y Estratigrafía
1222,Estructuras de Datos
1223,Inglés II
1226,Matemáticas para las Ciencias Aplicadas II
1230,Bioquímica
1231,Cálculo Diferencial e Integral II
1232,Geometría Analítica I
1233,Inglés
1234,Medición y Análisis en la Física Experimental
1235,Inglés II
1236,Programación
1237,Inglés I
1300,Bioestadística
1301,Biología de Plantas I
1302,Biología Molecular de la Célula II
1303,Biología Molecular de la Célula III
1304,Ciencias de la Tierra
1308,Teoría del Seguro
1309,Programación II
1310,Ecología de Poblaciones y Comunidades
1311,Métodos de Campo y Laboratorio
1312,Oceanografía y Procesos Costeros
1313,Probabilidad y Estadística
1314,Producción y Aprovechamiento de la Zona Costera I
1315,Ecología
1317,Introducción a la Geodinámica
1318,Matemáticas para las Ciencias de la Tierra III
1319,Técnicas Experimentales
1322,Inglés III
1323,Modelado y Programación
1326,Matemáticas para las Ciencias Aplicadas III
1330,Álgebra Lineal
1331,Cálculo Avanzado
1332,Inglés
1333,Instrumentación y Calibración
1334,Morfofuncional I
1335,Manejo de Datos
1336,Inglés III
1337,Inglés II
1400,Biogeografía I
1401,Biología de Animales I
1402,Biología de Hongos
1403,Biología de Plantas II
1404,Genética I
1405,Paleobiología
1408,Matemáticas Actuariales del Seguro de Personas I
1409,Finanzas I
1410,Ecología Energética
1411,Estancia de Investigación I
1412,Geografía Física y Humana
1413,Producción y Aprovechamiento de la Zona Costera II
1414,Planeación y Análisis de Experimentos
1415,Geoquímica
1416,Interacciones e Historia de los Sistemas Terrestres
1417,Matemáticas para las Ciencias de la Tierra IV
1418,Sistemas Acuáticos
1419,Sistemas Atmosféricos
1425,Autómatas y Lenguajes Formales
1426,Inglés IV
1427,Lógica Computacional
1428,Organización y Arquitectura de Computadoras
1429,Matemáticas para las Ciencias Aplicadas IV
1430,Algoritmos Computacionales
1431,Ecuaciones Diferenciales I
1432,Elaboración y Desarrollo de Proyectos Experimentales
1434,Inglés
1435,Morfofuncional II
1436,Inglés IV
1437,Inglés III
1500,Biología de Animales II
1501,Biotecnología I
1502,Ecología I
1503,Taller Nivel 1
1506,Investigación de Operaciones
1508,Matemáticas Actuariales del Seguro de Personas II
1509,Finanzas II
1510,Alteración de los Sistemas Costeros
1511,Análisis Multivariado
1512,Estancia de Investigación II
1513,Genética y Biodiversidad
1514,Legislación y Administración de la Zona Costera
1515,Estadística Aplicada
1516,Fenómenos Electromagnéticos
1517,Ciencia del Suelo
1519,Ecología Avanzada
1520,Economía y Desarrollo Sustentable
1521,Física del Interior de la Tierra
1522,Geología y Atmósferas Planetarias
1523,Introducción a la Oceanografía Física
1524,Matemáticas Avanzadas de las Ciencias de la Tierra
1526,Química Planetaria
1527,Taller de Instrumentación
1528,Anatomía Radiológica
1529,Física Computacional
1530,Inglés
1531,Matemáticas Avanzadas
1532,Análisis de Algoritmos
1533,Computación Distribuida
1534,Fundamentos de Bases de Datos
1535,Inglés V
1536,Lenguajes de Programación
1539,Mercados Financieros y Valuación de Instrumentos
1540,Economía
1541,Inferencia Estadística
1600,Biología de Animales III
1601,Evolución I
1602,Recursos Naturales
1603,Taller Nivel 2
1605,Legislación en Seguro Privado y Social
1606,Introducción a la Investigación Social
1608,Matemáticas Actuariales del Seguro de Daños
1609,Economía I
1610,Conservación de la Biodiversidad
1611,Economía Ambiental
1612,Estancia de Investigación III
1613,Procesos Estocásticos
1614,Manejo Sustentable de la Zona Costera
1615,Restauración de los Sistemas Costeros
1616,Computación y Análisis de Datos Geofísicos
1617,Espectroscopía (Física Atómica y Molecular)
1618,Física del Clima
1619,Física Espacial y Planetaria
1620,Geología Estructural
1621,Impacto de los Fenómenos Terrestres
1623,Mineralogía
1624,Oceanografía Biológica
1625,Percepción Remota y Sistemas de Información Geográfica
1626,Química Acuática
1627,Recursos Naturales
1628,Toxicología Ambiental
1630,Bioestadística
1632,Física del Cuerpo Humano
1633,Inglés
1634,Interacción de la Radiación con la Materia
1635,Termofísica
1636,Demografía
1637,Matemáticas Actuariales para Seguro de Daños
1638,Métodos Cuantitativos en Finanzas
1639,Modelos no Paramétricos y de Regresión
1640,Inglés V
1641,Inglés IV
1700,Taller Nivel 3
1702,Seminario de Titulación I
1705,Productos Financieros Derivados I
1706,Econometría I
1707,Análisis Numérico
1708,Seguridad Social
1709,Demografía I
1710,Economía II
1712,Estadística III
1714,Reaseguro
1716,Astrobiología
1718,Dinámica de Fluidos Geofísicos
1719,Ecología Urbana
1720,Evolución
1721,Hidrología
1722,Métodos Geofísicos de Exploración
1723,Petrología de Rocas Cristalinas
1724,Taller de Modelación Numérica
1725,Taller de Investigación en Ciencias Acuáticas I
1726,Taller de Investigación en Ciencias Ambientales I
1727,Taller de Investigación en Ciencias Atmosféricas I
1728,Taller de Investigación en Ciencias Espaciales I
1729,Taller de Investigación en Ciencias de la Tierra Sólida I
1730,Técnicas de Análisis Ambiental
1731,Instrumentación Biomédica
1732,Introducción a la Oncología
1733,Práctica Profesional Supervisada
1734,Dosimetría
1735,Física Biológica
1736,Sistemas Dinámicos de la Fisiología
1737,Sistemas Híbridos en Biomedicina
1738,Análisis del México Contemporáneo
1739,Modelos de Supervivencia y de Series de Tiempo
1740,Inglés VI
1741,Inglés V
1800,Taller Nivel 4
1801,Administración Actuarial
1802,Seminario de Titulación II
1805,Carteras de Inversión
1806,Demografía II
1807,Teoría del Riesgo
1808,Pensiones Privadas
1809,Administración
1810,Finanzas Corporativas
1813,Planeación Estratégica
1814,Diseño de Experimentos
1815,Análisis Multivariado
1816,Seminario de Matemáticas Actuariales Aplicadas
1817,Administración de Riesgos
1818,Cartografía
1819,Políticas y Normatividad en el Manejo de los Sistemas Terráqueos
1820,Taller de Investigación en Ciencias Acuáticas II
1821,Taller de Investigación en Ciencias Ambientales II
1822,Taller de Investigación en Ciencias Atmosféricas II
1823,Taller de Investigación en Ciencias Espaciales II
1824,Taller de Investigación en Ciencias de la Tierra Sólida II
1827,Computación Concurrente
1828,Criptografía y Seguridad
1829,Inglés VI
1830,Imagenología Biomédica
1831,Seguridad Radiológica
1832,Administración Actuarial del Riesgo
1841,Inglés VI
2000,Estructura
2001,Materia Interestelar
2002,Astrofísica Extragaláctica y Cosmología
2003,Astrofísica Estelar
2004,Temas Selectos de Astrofísica I
2005,Temas Selectos de Astrofísica II
2006,Temas Selectos de Astrofísica III
2007,Introducción a las Ciencias de la Tierra
2011,Dinámica de Fluidos Geofísicos
2012,Física del Interior de la Tierra
2013,Sismología y Vulcanología
2014,Introducción a la Física Espacial
2015,Introducción a la Oceanografía Física
2017,Meteorología
2018,Dinámica del Clima
2020,Temas Selectos de Ciencias de la Tierra I
2021,Temas Selectos de Ciencias de la Tierra II
2022,Temas Selectos de Ciencias de la Tierra III
2024,Cosmología Física
2025,Astrofísica Relativista
2026,Temas Selectos de Relatividad
2028,Temas Selectos de Relatividad
2029,Introducción a la Acústica Contemporánea
2030,Acústica en Fluidos
2032,Temas Selectos de Acústica I
2033,Temas Selectos de Acústica II
2034,Temas Selectos de Acústica III
2035,Simetrías en Mecánica Cuántica
2036,Topología y Geometría Diferencial para Físicos
2037,Temas Selectos de Física Matemática y Teórica I
2038,Temas Selectos de Física Matemática y Teórica II
2039,Temas Selectos de Física Matemática y Teórica III
2040,Filosofía de la Física I
2041,Filosofía de la Física II
2042,Historia de la Física I
2043,Historia de la Física II
2044,Temas Selectos de Filosofía de la Física
2045,Temas Selectos de la Historia de la Física
2046,Fenómenos Cooperativos I
2047,Fenómenos Cooperativos II
2048,Temas Selectos de Termodinámica y Física Estadística I
2049,Temas Selectos de Termodinámica y Física Estadística II
2050,Temas Selectos de Termodinámica y Física Estadística III
2051,Introducción a la Física de Radiaciones
2052,Dosimetría de la Radiación
2053,Seguridad Radiológica
2054,Técnicas de Radioisótopos
2055,Temas Selectos de Física de Radiacciones I
2056,Temas Selectos de Física de Radiaciones II
2057,Temas Selectos de Física de Radiaciones III
2058,Introducción a la Física Nuclear
2060,Temas Selectos de Física de Nuclear I
2061,Temas Selectos de Física Nuclear II
2063,Introducción a la Física de Partículas Elementales I
2064,Introducción a la Física de Partículas Elementales II
2065,Temas Selectos de Física de Partículas Elementales I
2066,Temas Selectos de Física de Partículas Elementales II
2067,Temas Selectos de Física de Partículas Elementales III
2068,Elementos de Mecánica de Fluidos
2069,Mecánica de Fluidos Avanzada
2070,Temas Selectos de Mecánica de Fluidos I
2071,Temas Selectos de Mecánica de Fluidos II
2073,Métodos Numéricos y Algoritmos Computacionales
2074,Temas Selectos de Física Computacional I
2075,Temas Selectos de Física Computacional II
2076,Temas Selectos de Física Computacional III
2077,Introducción a la Óptica Cuántica
2078,Láseres
2080,Óptica de Fourier
2081,Temas Selectos de Óptica I
2082,Temas Selectos de Óptica II
2083,Temas Selectos de Óptica III
2084,Introducción a la Física de los Materiales
2086,Física de la Materia Condensada Blanda
2087,Estructura Electrónica de los Materiales
2088,Temas Selectos de Física de Materiales I
2089,Temas Selectos de Física de Materiales II
2090,Temas Selectos de Física de Materiales III
2091,Epigenética
